id,first_name,last_name,email
1,Hercule,Solon,hsolon0@nhs.uk
2,Sheffield,Schoales,sschoales1@thetimes.co.uk
3,Henriette,Privett,hprivett2@dedecms.com
4,Roderic,Kubin,rkubin3@blinklist.com
5,Salomon,Twidle,stwidle4@jugem.jp
6,Corliss,Gerlts,cgerlts5@google.es
7,Kelly,Dominguez,kdominguez6@squidoo.com
8,Katie,McArte,kmcarte7@nyu.edu
9,Dimitry,Aronowitz,daronowitz8@hibu.com
10,Gillan,Flieg,gflieg9@nbcnews.com
11,Berton,Mourant,bmouranta@bandcamp.com
12,Lulu,Dunstall,ldunstallb@latimes.com
13,Aleksandr,Stedmond,astedmondc@walmart.com
14,Gretel,Sothern,gsothernd@dion.ne.jp
15,Ina,Ainsbury,iainsburye@artisteer.com
16,Galen,Roberto,grobertof@creativecommons.org
17,Gene,Dendon,gdendong@addtoany.com
18,Ransell,Tottie,rtottieh@vk.com
19,Emelia,Flucks,eflucksi@cocolog-nifty.com
20,Flo,Brazelton,fbrazeltonj@china.com.cn
21,Nataline,Vallentine,nvallentinek@rambler.ru
22,Elsie,Castano,ecastanol@howstuffworks.com
23,Lissa,Harman,lharmanm@baidu.com
24,Jamima,Podmore,jpodmoren@gravatar.com
25,Linus,Eglaise,leglaiseo@spotify.com
26,Charmion,Ondrak,condrakp@washingtonpost.com
27,Moshe,O'Lunny,molunnyq@aboutads.info
28,Sybilla,Warrillow,swarrillowr@prweb.com
29,Allister,Alcorn,aalcorns@odnoklassniki.ru
30,Marylynne,Pithie,mpithiet@4shared.com
31,Reinhard,Elen,relenu@4shared.com
32,Ted,Van den Dael,tvandendaelv@bizjournals.com
33,Kim,McCamish,kmccamishw@yahoo.co.jp
34,Symon,Mowne,smownex@phoca.cz
35,Addy,Foulsham,afoulshamy@so-net.ne.jp
36,Daisey,Zapatero,dzapateroz@usa.gov
37,Constanta,Perkinson,cperkinson10@ucoz.com
38,Lynnett,Edgler,ledgler11@usgs.gov
39,Maude,Garioch,mgarioch12@dedecms.com
40,Ebony,Ramsey,eramsey13@utexas.edu
41,Ediva,Munkton,emunkton14@tiny.cc
42,Fidelio,Records,frecords15@wikispaces.com
43,Jasmina,McIlvoray,jmcilvoray16@pinterest.com
44,Flori,Eliet,feliet17@nymag.com
45,Dionysus,Gisborne,dgisborne18@about.me
46,Hunt,Shipley,hshipley19@github.com
47,Fair,Mahody,fmahody1a@cnn.com
48,Drucill,Degue,ddegue1b@prlog.org
49,Jammal,Elener,jelener1c@elegantthemes.com
50,Arliene,Maypole,amaypole1d@tinyurl.com
51,Sibylle,Chandler,schandler1e@bluehost.com
52,Bar,Moran,bmoran1f@rediff.com
53,Fidole,Frye,ffrye1g@walmart.com
54,Giffie,Grayshon,ggrayshon1h@oakley.com
55,Wenona,Vinecombe,wvinecombe1i@yahoo.com
56,Pierson,Berceros,pberceros1j@disqus.com
57,Klemens,Bulch,kbulch1k@diigo.com
58,Birgitta,Kleiner,bkleiner1l@theglobeandmail.com
59,Kris,Moorfield,kmoorfield1m@yelp.com
60,Sher,Roskruge,sroskruge1n@wsj.com
61,Hurley,Loude,hloude1o@cafepress.com
62,Dehlia,Meir,dmeir1p@aboutads.info
63,Ninnette,Mableson,nmableson1q@flickr.com
64,Baxy,Bucktharp,bbucktharp1r@house.gov
65,Ginger,Scafe,gscafe1s@chronoengine.com
66,Granville,Afield,gafield1t@wunderground.com
67,Gustaf,Muro,gmuro1u@pen.io
68,Zachariah,Luxmoore,zluxmoore1v@flavors.me
69,Kaiser,Furley,kfurley1w@google.de
70,Axel,Blodg,ablodg1x@netvibes.com
71,Sashenka,Rabbet,srabbet1y@simplemachines.org
72,Amalle,Abbay,aabbay1z@theatlantic.com
73,Terrie,Purver,tpurver20@last.fm
74,Emili,Casterton,ecasterton21@dailymail.co.uk
75,Diego,Holworth,dholworth22@ftc.gov
76,Dania,Heine,dheine23@oakley.com
77,Cherry,Maytum,cmaytum24@hhs.gov
78,Brook,Sarjent,bsarjent25@mayoclinic.com
79,Wallie,O' Driscoll,wodriscoll26@discovery.com
80,Winne,Jeratt,wjeratt27@tumblr.com
81,Gene,Freeth,gfreeth28@google.ru
82,Elston,Hitchens,ehitchens29@wiley.com
83,Judah,Cristofol,jcristofol2a@homestead.com
84,Maren,Lante,mlante2b@icq.com
85,Yetty,Farrington,yfarrington2c@sogou.com
86,Edith,Weitzel,eweitzel2d@reverbnation.com
87,Katerine,Middleditch,kmiddleditch2e@telegraph.co.uk
88,Harriet,Penritt,hpenritt2f@wikia.com
89,Dale,Brewins,dbrewins2g@myspace.com
90,Margret,Farfalameev,mfarfalameev2h@nba.com
91,Filia,Kleyn,fkleyn2i@privacy.gov.au
92,Yoko,Magnus,ymagnus2j@dell.com
93,Lotte,Hunn,lhunn2k@imdb.com
94,Andriette,Gregol,agregol2l@umn.edu
95,Dore,Habben,dhabben2m@sun.com
96,Brit,Hollerin,bhollerin2n@paypal.com
97,Hartwell,Greenrod,hgreenrod2o@washingtonpost.com
98,Dorian,Arton,darton2p@shareasale.com
99,Missie,Heckney,mheckney2q@disqus.com
100,Xena,Vidgen,xvidgen2r@newyorker.com
101,Waite,Bothram,wbothram2s@flavors.me
102,Margit,Burde,mburde2t@plala.or.jp
103,Corrine,Sidnell,csidnell2u@studiopress.com
104,Regan,Petracci,rpetracci2v@is.gd
105,Adella,Rootham,arootham2w@nydailynews.com
106,Sal,Kryzhov,skryzhov2x@twitter.com
107,Phyllida,Lascell,plascell2y@arizona.edu
108,Karrah,Poznanski,kpoznanski2z@discovery.com
109,Rafferty,Stack,rstack30@mapy.cz
110,Ailee,Thundercliffe,athundercliffe31@harvard.edu
111,Emery,Ancketill,eancketill32@mashable.com
112,Gunner,Newcombe,gnewcombe33@dedecms.com
113,Benjie,Wordsley,bwordsley34@alexa.com
114,Robert,Mackinder,rmackinder35@buzzfeed.com
115,Timothea,McHaffy,tmchaffy36@123-reg.co.uk
116,Cherlyn,Ather,cather37@tumblr.com
117,Klarrisa,Barosch,kbarosch38@myspace.com
118,Jerry,Boulstridge,jboulstridge39@msu.edu
119,Flor,Whitehouse,fwhitehouse3a@netvibes.com
120,Waldemar,Diffley,wdiffley3b@shutterfly.com
121,Amber,Oag,aoag3c@eepurl.com
122,Nichole,Starzaker,nstarzaker3d@vimeo.com
123,Chere,Hasell,chasell3e@tamu.edu
124,Agnola,Bottoms,abottoms3f@rakuten.co.jp
125,Dickie,Shinn,dshinn3g@wikimedia.org
126,Ardenia,Vondracek,avondracek3h@newsvine.com
127,Gerta,Bruhke,gbruhke3i@freewebs.com
128,Brear,Donnett,bdonnett3j@hao123.com
129,Eduardo,Burkin,eburkin3k@un.org
130,Gwyneth,Bennough,gbennough3l@illinois.edu
131,Giacopo,Matthews,gmatthews3m@newyorker.com
132,Carol-jean,Sherrell,csherrell3n@elpais.com
133,Winn,Sayse,wsayse3o@army.mil
134,Sula,Tassell,stassell3p@smugmug.com
135,Helenka,Sustins,hsustins3q@oaic.gov.au
136,Jania,Giurio,jgiurio3r@ftc.gov
137,Catherin,Danielut,cdanielut3s@cbsnews.com
138,Jeannine,Moulden,jmoulden3t@canalblog.com
139,Octavius,Petronis,opetronis3u@dell.com
140,Ciro,Moller,cmoller3v@marketwatch.com
141,Beth,Treanor,btreanor3w@multiply.com
142,Konstantine,Abdy,kabdy3x@usgs.gov
143,Valli,Dullingham,vdullingham3y@w3.org
144,Corine,Shermar,cshermar3z@rakuten.co.jp
145,Tiffanie,Hammerberg,thammerberg40@techcrunch.com
146,Iain,Darwin,idarwin41@deliciousdays.com
147,Carly,Beel,cbeel42@indiegogo.com
148,Wally,Sewart,wsewart43@nature.com
149,Eachelle,Mitten,emitten44@nature.com
150,Bartram,MacAnellye,bmacanellye45@sciencedaily.com
151,Bird,Astlatt,bastlatt46@omniture.com
152,Leonelle,Behnen,lbehnen47@goo.gl
153,Gayle,Squires,gsquires48@squidoo.com
154,Emilie,Fisbburne,efisbburne49@163.com
155,Fidel,Kitney,fkitney4a@yellowpages.com
156,Alair,Stood,astood4b@about.me
157,Sylvan,Mallows,smallows4c@mtv.com
158,Kissie,Ganders,kganders4d@census.gov
159,Lawton,Hearson,lhearson4e@boston.com
160,Mychal,Baudone,mbaudone4f@biblegateway.com
161,Bridie,De Roeck,bderoeck4g@soup.io
162,Darill,Coulsen,dcoulsen4h@globo.com
163,Teodoro,Robrose,trobrose4i@ask.com
164,Serena,Pledger,spledger4j@hubpages.com
165,Gregoor,Tregona,gtregona4k@privacy.gov.au
166,Roland,Halwill,rhalwill4l@jiathis.com
167,Rosemarie,Snowden,rsnowden4m@w3.org
168,Joceline,Mullender,jmullender4n@indiegogo.com
169,Saloma,Pacht,spacht4o@nature.com
170,Wilbert,Culp,wculp4p@jugem.jp
171,Florry,Giblin,fgiblin4q@studiopress.com
172,Delores,Janous,djanous4r@answers.com
173,Terrell,Labuschagne,tlabuschagne4s@fema.gov
174,Freddie,Beasleigh,fbeasleigh4t@php.net
175,Katuscha,Islip,kislip4u@mac.com
176,Katey,Markovich,kmarkovich4v@ca.gov
177,Graeme,Donahue,gdonahue4w@google.fr
178,Amelita,Ind,aind4x@house.gov
179,Kari,Kennifick,kkennifick4y@ucsd.edu
180,Baird,Banbury,bbanbury4z@geocities.com
181,Korey,Odeson,kodeson50@zdnet.com
182,Monika,Hryniewicki,mhryniewicki51@acquirethisname.com
183,Roscoe,Dangerfield,rdangerfield52@diigo.com
184,Barry,Morfield,bmorfield53@yahoo.co.jp
185,Salomone,Moye,smoye54@smh.com.au
186,Stanislas,Scoular,sscoular55@deviantart.com
187,Jorie,Lemanu,jlemanu56@bbc.co.uk
188,Rey,Conyers,rconyers57@drupal.org
189,Alane,Joannic,ajoannic58@hp.com
190,Marcus,Ferras,mferras59@gov.uk
191,Cam,Ginn,cginn5a@feedburner.com
192,Arlee,Yashnov,ayashnov5b@sohu.com
193,Alberta,Caesar,acaesar5c@tiny.cc
194,Corney,Verillo,cverillo5d@deliciousdays.com
195,Allie,Basezzi,abasezzi5e@behance.net
196,Arin,Mowson,amowson5f@miitbeian.gov.cn
197,Skipton,Ough,sough5g@youku.com
198,Keefer,Sumpner,ksumpner5h@discuz.net
199,Harrison,Jimenez,hjimenez5i@diigo.com
200,Ernaline,Okker,eokker5j@google.com.au
201,Hamil,Betham,hbetham5k@mail.ru
202,Athene,Waterstone,awaterstone5l@slate.com
203,Demott,Shewon,dshewon5m@zdnet.com
204,Rice,Sandell,rsandell5n@samsung.com
205,Hyacinthie,Scotchmur,hscotchmur5o@bizjournals.com
206,Cathyleen,Masterton,cmasterton5p@time.com
207,Mario,Brushneen,mbrushneen5q@pagesperso-orange.fr
208,Celia,Pentelo,cpentelo5r@arstechnica.com
209,Paulie,Canet,pcanet5s@drupal.org
210,Richmound,Tomczak,rtomczak5t@cloudflare.com
211,Audy,Mocker,amocker5u@dailymotion.com
212,Zak,Lamburne,zlamburne5v@accuweather.com
213,Amity,McAreavey,amcareavey5w@census.gov
214,Barny,Bottomer,bbottomer5x@nifty.com
215,Gerik,Metterick,gmetterick5y@fotki.com
216,Alica,Totton,atotton5z@yahoo.co.jp
217,Marlie,Macieiczyk,mmacieiczyk60@vk.com
218,Robinia,Matkovic,rmatkovic61@ameblo.jp
219,Glenden,Bussens,gbussens62@sakura.ne.jp
220,Wait,Solloway,wsolloway63@soundcloud.com
221,Jamil,Habben,jhabben64@earthlink.net
222,Ynes,Preedy,ypreedy65@cornell.edu
223,Wyn,Alexandre,walexandre66@epa.gov
224,Melli,Vreiberg,mvreiberg67@yandex.ru
225,Brander,Raiment,braiment68@latimes.com
226,Annelise,Wytchard,awytchard69@google.pl
227,Adrianne,Purveys,apurveys6a@theguardian.com
228,Gavin,Brislan,gbrislan6b@simplemachines.org
229,Hyacinthe,Penning,hpenning6c@tinypic.com
230,Ferdy,Walster,fwalster6d@bravesites.com
231,Emeline,Gatling,egatling6e@phoca.cz
232,Debby,Suddaby,dsuddaby6f@princeton.edu
233,Leonora,Suttell,lsuttell6g@buzzfeed.com
234,Lindsey,Hudspeth,lhudspeth6h@lulu.com
235,Adelaida,Attac,aattac6i@comsenz.com
236,Mignon,Novis,mnovis6j@dmoz.org
237,Terry,Brunner,tbrunner6k@toplist.cz
238,Jedidiah,Tellesson,jtellesson6l@webeden.co.uk
239,Doralyn,Gavey,dgavey6m@unblog.fr
240,Edithe,Waldren,ewaldren6n@feedburner.com
241,Freemon,Amaya,famaya6o@hexun.com
242,Sibylle,Hawe,shawe6p@oakley.com
243,Bryon,Dykas,bdykas6q@hud.gov
244,Paul,Scogings,pscogings6r@vk.com
245,Jo-anne,Hallward,jhallward6s@businesswire.com
246,Kipp,Swains,kswains6t@psu.edu
247,Welch,Starie,wstarie6u@4shared.com
248,Matteo,Brealey,mbrealey6v@hubpages.com
249,Rivkah,Teligin,rteligin6w@cpanel.net
250,Joey,Northover,jnorthover6x@fastcompany.com
251,Dulcy,Hapke,dhapke6y@cafepress.com
252,Sayre,Whebell,swhebell6z@dion.ne.jp
253,Keefe,Haycox,khaycox70@woothemes.com
254,Taylor,Havoc,thavoc71@mtv.com
255,Shelia,Paulsen,spaulsen72@shutterfly.com
256,Vale,Justun,vjustun73@lulu.com
257,Magdaia,Lyddiard,mlyddiard74@cargocollective.com
258,Neel,Edelheit,nedelheit75@pen.io
259,Loren,Vasser,lvasser76@ning.com
260,Lacy,Housegoe,lhousegoe77@army.mil
261,Artemus,Delatour,adelatour78@instagram.com
262,Nelle,Thompkins,nthompkins79@livejournal.com
263,Marijn,Innocent,minnocent7a@plala.or.jp
264,Stefan,Norridge,snorridge7b@blogtalkradio.com
265,Nessa,McNelis,nmcnelis7c@biblegateway.com
266,Carmencita,Oliva,coliva7d@vistaprint.com
267,Sibeal,Terbeck,sterbeck7e@seesaa.net
268,Jackelyn,Sedgemond,jsedgemond7f@msn.com
269,Abbie,Harling,aharling7g@forbes.com
270,Leeann,Stroton,lstroton7h@about.com
271,Myrtie,Soigoux,msoigoux7i@reuters.com
272,Paten,Topliss,ptopliss7j@arstechnica.com
273,Mervin,Eustice,meustice7k@psu.edu
274,Bonny,Tatton,btatton7l@wp.com
275,Micky,Senner,msenner7m@discuz.net
276,Lavena,Wharton,lwharton7n@gizmodo.com
277,Araldo,Chrichton,achrichton7o@baidu.com
278,Abraham,Gilder,agilder7p@yandex.ru
279,Lelah,Rummery,lrummery7q@biglobe.ne.jp
280,Wilden,Dibling,wdibling7r@washington.edu
281,Culver,Bartali,cbartali7s@illinois.edu
282,Stearn,Fetherston,sfetherston7t@goodreads.com
283,Herc,Lghan,hlghan7u@newsvine.com
284,Odell,Summerbell,osummerbell7v@pbs.org
285,Heidi,Reardon,hreardon7w@arizona.edu
286,Myrtice,Zecchi,mzecchi7x@auda.org.au
287,Catrina,Wellbelove,cwellbelove7y@nba.com
288,Forrester,De Freitas,fdefreitas7z@linkedin.com
289,Joelly,Truscott,jtruscott80@nytimes.com
290,Brenden,Coughtrey,bcoughtrey81@nsw.gov.au
291,Danice,Lally,dlally82@army.mil
292,Faydra,Standall,fstandall83@printfriendly.com
293,Truman,Snoxell,tsnoxell84@loc.gov
294,Hilda,Leale,hleale85@huffingtonpost.com
295,Carlita,Boardman,cboardman86@surveymonkey.com
296,Jourdain,Ellif,jellif87@mapy.cz
297,Brigid,Pitherick,bpitherick88@posterous.com
298,Vyky,Oldall,voldall89@edublogs.org
299,Emory,Mingame,emingame8a@businessinsider.com
300,Chiquia,Putman,cputman8b@squarespace.com
301,Zonnya,Blaiklock,zblaiklock8c@netscape.com
302,Gretal,Alves,galves8d@craigslist.org
303,Doralyn,Fletcher,dfletcher8e@bloglines.com
304,Blythe,Braybrook,bbraybrook8f@umn.edu
305,Pavia,Thumann,pthumann8g@com.com
306,Kippy,Howie,khowie8h@miitbeian.gov.cn
307,Giacinta,MacRinn,gmacrinn8i@xing.com
308,Hartley,Piotrkowski,hpiotrkowski8j@alexa.com
309,Miranda,Tiltman,mtiltman8k@ezinearticles.com
310,Deny,Caris,dcaris8l@domainmarket.com
311,Des,Knowlton,dknowlton8m@taobao.com
312,Hal,Gethings,hgethings8n@google.de
313,Dierdre,Weatherhead,dweatherhead8o@cargocollective.com
314,Ahmad,McClenan,amcclenan8p@miitbeian.gov.cn
315,Zabrina,Drabble,zdrabble8q@thetimes.co.uk
316,Temple,Rivelin,trivelin8r@slideshare.net
317,Davie,Grishanin,dgrishanin8s@bloglovin.com
318,Rivalee,Tynemouth,rtynemouth8t@amazonaws.com
319,Bat,Jendrys,bjendrys8u@europa.eu
320,Dexter,Crosswaite,dcrosswaite8v@wufoo.com
321,Vaclav,Sherbrook,vsherbrook8w@gravatar.com
322,Welsh,Leisman,wleisman8x@un.org
323,Roscoe,Roughey,rroughey8y@google.co.jp
324,Viole,MacKall,vmackall8z@topsy.com
325,Elbertine,Regis,eregis90@archive.org
326,Yardley,Wordington,ywordington91@sina.com.cn
327,Karlyn,Ayree,kayree92@pcworld.com
328,Abbie,Boulde,aboulde93@prnewswire.com
329,Salome,Bubb,sbubb94@dedecms.com
330,Madella,Kivits,mkivits95@plala.or.jp
331,Ailis,Chiswell,achiswell96@cafepress.com
332,Belle,Maclaine,bmaclaine97@sciencedirect.com
333,Judon,Cumberpatch,jcumberpatch98@engadget.com
334,Anissa,Brooking,abrooking99@un.org
335,Darcee,Johnigan,djohnigan9a@cafepress.com
336,Danila,Harfoot,dharfoot9b@deliciousdays.com
337,Kelvin,Assante,kassante9c@archive.org
338,Maggie,MacKniely,mmackniely9d@vinaora.com
339,Daphene,O'Mailey,domailey9e@oracle.com
340,Otes,Gueste,ogueste9f@clickbank.net
341,Tamiko,Leehane,tleehane9g@simplemachines.org
342,Francesco,Nanuccioi,fnanuccioi9h@weather.com
343,Carole,Sleeford,csleeford9i@google.nl
344,Nicholle,Birney,nbirney9j@ox.ac.uk
345,Brannon,Bayman,bbayman9k@washingtonpost.com
346,Gleda,Jerschke,gjerschke9l@1und1.de
347,Jemimah,Alloway,jalloway9m@biblegateway.com
348,Pauly,Abrahami,pabrahami9n@networksolutions.com
349,Sax,Leguey,sleguey9o@goo.ne.jp
350,Tim,Risbridger,trisbridger9p@opera.com
351,Rad,Westbrook,rwestbrook9q@webs.com
352,Bernadette,McMichan,bmcmichan9r@parallels.com
353,Willard,Purvess,wpurvess9s@comcast.net
354,Fidel,Dowglass,fdowglass9t@archive.org
355,Holli,Reveley,hreveley9u@blogtalkradio.com
356,Edythe,Goggen,egoggen9v@reference.com
357,Kelci,Skunes,kskunes9w@comsenz.com
358,Asia,Coper,acoper9x@ycombinator.com
359,Gypsy,Burgis,gburgis9y@usa.gov
360,Aubrey,Colqueran,acolqueran9z@networksolutions.com
361,Sollie,Catterall,scatteralla0@rakuten.co.jp
362,Rene,Wrates,rwratesa1@dailymail.co.uk
363,Pippo,Fabbro,pfabbroa2@google.de
364,Jae,Sammon,jsammona3@buzzfeed.com
365,Shaun,Gerin,sgerina4@facebook.com
366,Gisela,Jantet,gjanteta5@dailymail.co.uk
367,Kelvin,Bigley,kbigleya6@fc2.com
368,Cale,Richen,crichena7@cdc.gov
369,Cointon,Thompstone,cthompstonea8@imageshack.us
370,Tiffany,Sighart,tsigharta9@mashable.com
371,Nicolea,Blinerman,nblinermanaa@washingtonpost.com
372,Marigold,Wolters,mwoltersab@ebay.com
373,Austin,Rubenfeld,arubenfeldac@hugedomains.com
374,Linette,Gulleford,lgullefordad@netlog.com
375,Tabbatha,Nast,tnastae@chronoengine.com
376,Barrie,McPhee,bmcpheeaf@abc.net.au
377,Windy,Trighton,wtrightonag@fotki.com
378,Eddi,todor,etodorah@kickstarter.com
379,Patience,Dickin,pdickinai@illinois.edu
380,Galvin,Rosebotham,grosebothamaj@umich.edu
381,Janos,Kelberman,jkelbermanak@1und1.de
382,Chicky,Somerset,csomersetal@purevolume.com
383,Putnem,Hagard,phagardam@tiny.cc
384,Woodman,Kempson,wkempsonan@unblog.fr
385,Niel,Tattershaw,ntattershawao@comcast.net
386,Kylila,Dobby,kdobbyap@un.org
387,Delcine,Bewlie,dbewlieaq@vinaora.com
388,Paxon,Ballantyne,pballantynear@facebook.com
389,Lodovico,Seifert,lseifertas@hc360.com
390,Nani,Anderer,nandererat@reuters.com
391,Dayle,Yanne,dyanneau@npr.org
392,Padriac,Spadeck,pspadeckav@dropbox.com
393,Terrence,Prazor,tprazoraw@merriam-webster.com
394,Janeva,Wyldes,jwyldesax@soup.io
395,Jehanna,Van Halen,jvanhalenay@stumbleupon.com
396,Helenelizabeth,MacDuff,hmacduffaz@eepurl.com
397,Dorelle,Itzhayek,ditzhayekb0@plala.or.jp
398,Greta,Suddick,gsuddickb1@intel.com
399,Lemmy,Von Welldun,lvonwelldunb2@google.com.br
400,Jere,Basile,jbasileb3@sogou.com
401,Baird,Heyburn,bheyburnb4@mayoclinic.com
402,Christophorus,Nibley,cnibleyb5@bizjournals.com
403,Dory,Shwalbe,dshwalbeb6@webeden.co.uk
404,Elihu,Kohrsen,ekohrsenb7@free.fr
405,Tab,Graveston,tgravestonb8@cornell.edu
406,Bella,Hansana,bhansanab9@twitpic.com
407,Elonore,Kobpac,ekobpacba@un.org
408,Milly,Nijs,mnijsbb@edublogs.org
409,Pam,Furlow,pfurlowbc@symantec.com
410,Gilbertina,Kynman,gkynmanbd@amazon.co.uk
411,Rogerio,Hastings,rhastingsbe@harvard.edu
412,Nataline,Poytress,npoytressbf@ebay.com
413,Delmer,Kinsett,dkinsettbg@comcast.net
414,Yetta,Huett,yhuettbh@walmart.com
415,Claudell,Grosvener,cgrosvenerbi@over-blog.com
416,Lucie,Kubis,lkubisbj@ca.gov
417,Inness,Taillard,itaillardbk@nydailynews.com
418,Trudy,Didsbury,tdidsburybl@redcross.org
419,Sonia,Behninck,sbehninckbm@forbes.com
420,Christi,Fear,cfearbn@google.nl
421,Jose,Housley,jhousleybo@gizmodo.com
422,Irita,Bellas,ibellasbp@typepad.com
423,Elijah,Manderson,emandersonbq@virginia.edu
424,Ebonee,Dingley,edingleybr@springer.com
425,Lammond,Flaherty,lflahertybs@hubpages.com
426,Fawn,Di Ruggero,fdiruggerobt@over-blog.com
427,Bobinette,Castellini,bcastellinibu@google.com
428,Tiler,Houdmont,thoudmontbv@state.gov
429,Doreen,Duthie,dduthiebw@thetimes.co.uk
430,Amargo,Lghan,alghanbx@hud.gov
431,Artemas,MacPike,amacpikeby@cbsnews.com
432,Herminia,Kinnard,hkinnardbz@icq.com
433,Milicent,Glassford,mglassfordc0@tumblr.com
434,Aurthur,Scourgie,ascourgiec1@timesonline.co.uk
435,Freddie,Betteridge,fbetteridgec2@comsenz.com
436,Rivy,MacMechan,rmacmechanc3@posterous.com
437,Roman,Corringham,rcorringhamc4@wiley.com
438,Geno,McGarel,gmcgarelc5@alexa.com
439,Consolata,Tiller,ctillerc6@about.com
440,Colette,Haskell,chaskellc7@wordpress.com
441,Druci,Wickling,dwicklingc8@cbslocal.com
442,Binny,Butrimovich,bbutrimovichc9@histats.com
443,Anatola,Gathercole,agathercoleca@jigsy.com
444,Jeffry,Snap,jsnapcb@imgur.com
445,Morna,Gentiry,mgentirycc@yahoo.co.jp
446,Deck,Sheehy,dsheehycd@blogger.com
447,Zebulon,Krinks,zkrinksce@nps.gov
448,Dene,McMorran,dmcmorrancf@shop-pro.jp
449,Jordon,Elkin,jelkincg@dedecms.com
450,Ettore,Boxe,eboxech@bandcamp.com
451,Karine,MacArte,kmacarteci@narod.ru
452,Mareah,Dwyr,mdwyrcj@studiopress.com
453,Reinald,Danzey,rdanzeyck@i2i.jp
454,Elly,Kelk,ekelkcl@unesco.org
455,Avis,Mardoll,amardollcm@4shared.com
456,Orlan,Waleran,owalerancn@miitbeian.gov.cn
457,Charo,La Batie,clabatieco@sakura.ne.jp
458,Ernestine,Woodwind,ewoodwindcp@simplemachines.org
459,Arlie,Shurlock,ashurlockcq@issuu.com
460,Gwyneth,Millmoe,gmillmoecr@tinypic.com
461,Yasmin,Kirkham,ykirkhamcs@example.com
462,Lari,Franzini,lfranzinict@arizona.edu
463,Freda,O' Connell,foconnellcu@imgur.com
464,Henka,Brolan,hbrolancv@ask.com
465,Dayle,Hurdwell,dhurdwellcw@discuz.net
466,Bernette,Cramb,bcrambcx@forbes.com
467,Corney,Thombleson,cthomblesoncy@ning.com
468,Augustine,Doorbar,adoorbarcz@berkeley.edu
469,Kaleb,Fleay,kfleayd0@nytimes.com
470,Kevin,Nary,knaryd1@gravatar.com
471,Thorpe,Caddies,tcaddiesd2@adobe.com
472,Karia,Sexti,ksextid3@smugmug.com
473,Von,Donald,vdonaldd4@sun.com
474,Gui,Chattell,gchattelld5@hhs.gov
475,Georgy,Harries,gharriesd6@ezinearticles.com
476,Agustin,Echalie,aechalied7@addthis.com
477,Brennan,Ridgway,bridgwayd8@forbes.com
478,Andres,Sproul,asprould9@webeden.co.uk
479,Maxie,Leatherland,mleatherlandda@cam.ac.uk
480,Camella,Clines,cclinesdb@usda.gov
481,Althea,Catterill,acatterilldc@admin.ch
482,Wernher,Carrigan,wcarrigandd@smugmug.com
483,Candy,Nassie,cnassiede@xinhuanet.com
484,Angelle,Follan,afollandf@springer.com
485,Johnette,Haydney,jhaydneydg@wp.com
486,Rockey,Jordon,rjordondh@hibu.com
487,Lorne,Torel,ltoreldi@salon.com
488,Tymon,Bickerdicke,tbickerdickedj@sitemeter.com
489,Matteo,Dunks,mdunksdk@unicef.org
490,Mellisa,Trahearn,mtrahearndl@yahoo.com
491,Egbert,Martynikhin,emartynikhindm@techcrunch.com
492,Ninon,Chaffer,nchafferdn@quantcast.com
493,Orelie,Tanti,otantido@time.com
494,Eleonora,Cassell,ecasselldp@woothemes.com
495,Kerrin,Triplett,ktriplettdq@about.me
496,Ted,Ricardou,tricardoudr@cdc.gov
497,Charmine,Le Noir,clenoirds@washington.edu
498,Fabiano,Jakubovski,fjakubovskidt@cpanel.net
499,Emylee,Elecum,eelecumdu@123-reg.co.uk
500,Allie,Swanger,aswangerdv@washington.edu
501,Conn,Annand,cannanddw@usgs.gov
502,Marlee,Gauvain,mgauvaindx@stanford.edu
503,Norry,Boot,nbootdy@reference.com
504,Hedda,Farn,hfarndz@dyndns.org
505,Fayina,Boundey,fboundeye0@wired.com
506,Karalynn,D'Costa,kdcostae1@google.ru
507,Romain,Lesser,rlessere2@businessweek.com
508,Eldridge,Stiller,estillere3@nsw.gov.au
509,Martainn,Vogeller,mvogellere4@guardian.co.uk
510,Romola,Blaxlande,rblaxlandee5@hostgator.com
511,Sabrina,Coolican,scoolicane6@google.pl
512,Vernice,Coton,vcotone7@blogtalkradio.com
513,Wendeline,Coling,wcolinge8@friendfeed.com
514,Kingsley,Manon,kmanone9@netscape.com
515,Thelma,Lyall,tlyallea@tinyurl.com
516,Terri,Rea,treaeb@360.cn
517,Perla,Gylle,pgylleec@tmall.com
518,Guinevere,Towsey,gtowseyed@hubpages.com
519,Perry,Clayill,pclayillee@thetimes.co.uk
520,Kalindi,Makeswell,kmakeswellef@smugmug.com
521,Edi,Soanes,esoaneseg@lulu.com
522,Lorenza,Novak,lnovakeh@bluehost.com
523,Rafael,Alban,ralbanei@wikipedia.org
524,Martguerita,Hacon,mhaconej@cdbaby.com
525,Laurens,Swindell,lswindellek@pcworld.com
526,Harmony,Chiese,hchieseel@qq.com
527,Ursola,Dallan,udallanem@pen.io
528,Lothario,Lead,lleaden@bloomberg.com
529,Brande,Tieman,btiemaneo@sina.com.cn
530,Brion,Alleyn,balleynep@reference.com
531,Virgie,Laurentino,vlaurentinoeq@weebly.com
532,Carla,Walthew,cwalthewer@yahoo.co.jp
533,Gaby,Polini,gpolinies@google.es
534,Gina,Brettoner,gbrettoneret@exblog.jp
535,Caitlin,Gollard,cgollardeu@squarespace.com
536,Clarie,Cutts,ccuttsev@dell.com
537,Asia,Davidsohn,adavidsohnew@hibu.com
538,Lacy,Yearnsley,lyearnsleyex@furl.net
539,Marion,Kilfeder,mkilfederey@tripod.com
540,Samantha,Menis,smenisez@cnbc.com
541,Merill,Kittel,mkittelf0@foxnews.com
542,Jasen,Mattock,jmattockf1@cpanel.net
543,Ortensia,Laidlow,olaidlowf2@webs.com
544,Candi,Fulker,cfulkerf3@deliciousdays.com
545,Freddy,Adamiak,fadamiakf4@example.com
546,Rennie,Armor,rarmorf5@free.fr
547,Clara,Ponder,cponderf6@webmd.com
548,Brittani,Borham,bborhamf7@hao123.com
549,Ky,Scorton,kscortonf8@ed.gov
550,Elladine,Jerrand,ejerrandf9@feedburner.com
551,Dewain,Keddey,dkeddeyfa@google.ca
552,Meredith,Weddup,mweddupfb@wisc.edu
553,Dylan,Canet,dcanetfc@cam.ac.uk
554,Dannel,Banham,dbanhamfd@twitpic.com
555,Penrod,Viant,pviantfe@joomla.org
556,Clarabelle,O'Devey,codeveyff@howstuffworks.com
557,Russell,Life,rlifefg@i2i.jp
558,Elvyn,Parbrook,eparbrookfh@usgs.gov
559,Maudie,Lacer,mlacerfi@gov.uk
560,Stafford,Wattam,swattamfj@who.int
561,Ginni,Crauford,gcraufordfk@cdbaby.com
562,Aeriel,Butland,abutlandfl@sitemeter.com
563,Malorie,Healy,mhealyfm@qq.com
564,Tabby,Luc,tlucfn@delicious.com
565,Merrielle,Folonin,mfoloninfo@yandex.ru
566,Nelie,Firsby,nfirsbyfp@baidu.com
567,Fred,Sterrie,fsterriefq@usda.gov
568,Chico,Bennellick,cbennellickfr@cargocollective.com
569,Zsazsa,Berecloth,zbereclothfs@typepad.com
570,Ina,Lowing,ilowingft@amazon.co.jp
571,Aurel,Keates,akeatesfu@wikia.com
572,Arvin,Sponer,asponerfv@wikipedia.org
573,Bendix,Betun,bbetunfw@123-reg.co.uk
574,Myrtle,Lamplough,mlamploughfx@ucsd.edu
575,Barnaby,Jellybrand,bjellybrandfy@bluehost.com
576,Virgina,Rickell,vrickellfz@vk.com
577,Fiann,Kightly,fkightlyg0@paypal.com
578,Anthia,Battrick,abattrickg1@edublogs.org
579,Heida,Winchester,hwinchesterg2@ca.gov
580,Renado,Millan,rmillang3@mtv.com
581,Candida,Larwell,clarwellg4@cornell.edu
582,Mallory,Siman,msimang5@google.pl
583,Godiva,Fontell,gfontellg6@home.pl
584,Nita,Chidwick,nchidwickg7@prlog.org
585,Janeva,Ogg,joggg8@bbc.co.uk
586,Hedwig,Mundwell,hmundwellg9@studiopress.com
587,Aretha,Langeley,alangeleyga@squidoo.com
588,Rodina,Nand,rnandgb@mapy.cz
589,Charleen,Urry,currygc@seattletimes.com
590,Scotty,Plastow,splastowgd@purevolume.com
591,Buddy,Rolingson,brolingsonge@vimeo.com
592,Lin,Riches,lrichesgf@icq.com
593,Ashien,Cushelly,acushellygg@biglobe.ne.jp
594,Bobbi,Fairbairn,bfairbairngh@instagram.com
595,Carmine,Giovanni,cgiovannigi@netscape.com
596,Dillie,Greenside,dgreensidegj@redcross.org
597,Porty,Kitchingman,pkitchingmangk@xrea.com
598,Ralf,Ivankovic,rivankovicgl@shareasale.com
599,Price,Schwaiger,pschwaigergm@google.co.jp
600,Francesca,Oyley,foyleygn@blogtalkradio.com
601,Neil,Jopp,njoppgo@goo.gl
602,Malcolm,Eggerton,meggertongp@stanford.edu
603,Murray,Giuron,mgiurongq@bandcamp.com
604,Celeste,Salt,csaltgr@who.int
605,Christoper,Jeffels,cjeffelsgs@state.tx.us
606,Cosmo,Pates,cpatesgt@biblegateway.com
607,Noni,O' Hern,noherngu@freewebs.com
608,Betsy,Freda,bfredagv@xrea.com
609,Berte,Casali,bcasaligw@hubpages.com
610,Belita,Gwin,bgwingx@de.vu
611,Clifford,Lindsay,clindsaygy@army.mil
612,Konstanze,O'Hear,koheargz@nytimes.com
613,Enrico,Brockelsby,ebrockelsbyh0@vimeo.com
614,Udall,Duckett,uducketth1@posterous.com
615,Aldwin,Ryott,aryotth2@addtoany.com
616,Francois,Beadnall,fbeadnallh3@biglobe.ne.jp
617,Calla,Bonifazio,cbonifazioh4@ustream.tv
618,Jeane,Grimes,jgrimesh5@youtube.com
619,Kathi,Gammell,kgammellh6@paginegialle.it
620,Valli,Beat,vbeath7@techcrunch.com
621,Maren,Casswell,mcasswellh8@tamu.edu
622,Lotte,Pratten,lprattenh9@usgs.gov
623,Papagena,Timlett,ptimlettha@miibeian.gov.cn
624,Fairleigh,Lanahan,flanahanhb@t.co
625,Lin,Theuss,ltheusshc@tripod.com
626,Lindy,Barzen,lbarzenhd@behance.net
627,Gray,Wolfit,gwolfithe@youku.com
628,Suzie,Akehurst,sakehursthf@infoseek.co.jp
629,Rae,Wadeson,rwadesonhg@prnewswire.com
630,Aloise,Tetla,atetlahh@ebay.com
631,Jarvis,Hellens,jhellenshi@wp.com
632,Bastian,Hinsche,bhinschehj@reference.com
633,Sibley,Asplin,sasplinhk@zimbio.com
634,Ester,Goodwell,egoodwellhl@mozilla.com
635,Felipe,Maddocks,fmaddockshm@cnet.com
636,Cassandra,Gisbourn,cgisbournhn@va.gov
637,Nadya,MacLeese,nmacleeseho@wordpress.com
638,Honey,Monro,hmonrohp@google.co.jp
639,Kassandra,Pochet,kpochethq@angelfire.com
640,Angelico,Liston,alistonhr@chronoengine.com
641,Niki,Epilet,nepileths@diigo.com
642,Aubrette,Sullens,asullensht@cisco.com
643,Maynord,Dunmore,mdunmorehu@uiuc.edu
644,Dulcine,Sleightholme,dsleightholmehv@infoseek.co.jp
645,Sloane,Petruskevich,spetruskevichhw@vk.com
646,Irving,Oldcroft,ioldcrofthx@cnbc.com
647,Craggy,Fancy,cfancyhy@yahoo.co.jp
648,Raleigh,Knagges,rknaggeshz@ted.com
649,Ahmad,Emanuel,aemanueli0@com.com
650,Stacie,Britner,sbritneri1@washington.edu
651,Edmund,Fillingham,efillinghami2@baidu.com
652,Aldous,Wyard,awyardi3@unc.edu
653,Buiron,Brant,bbranti4@pagesperso-orange.fr
654,Hardy,Leamon,hleamoni5@sohu.com
655,Jeana,Waugh,jwaughi6@shareasale.com
656,Sven,Cromar,scromari7@fda.gov
657,Dollie,Easdon,deasdoni8@discovery.com
658,Mariya,Linstead,mlinsteadi9@prnewswire.com
659,Antonin,Jess,ajessia@ca.gov
660,Carley,Jakolevitch,cjakolevitchib@canalblog.com
661,Nefen,Penvarden,npenvardenic@simplemachines.org
662,Rod,Mosten,rmostenid@dyndns.org
663,Carmina,Olenov,colenovie@flickr.com
664,Vinny,Cornilleau,vcornilleauif@privacy.gov.au
665,Prue,Whittleton,pwhittletonig@cam.ac.uk
666,Henka,Romanet,hromanetih@arstechnica.com
667,Ysabel,Mulleary,ymullearyii@sbwire.com
668,Maridel,Basilotta,mbasilottaij@indiatimes.com
669,Cornelius,Ponde,cpondeik@miitbeian.gov.cn
670,Retha,Gullick,rgullickil@stumbleupon.com
671,Tybi,Wedgbrow,twedgbrowim@joomla.org
672,Kissiah,Drewett,kdrewettin@macromedia.com
673,Jessey,Cretney,jcretneyio@clickbank.net
674,Leanna,Cypler,lcyplerip@google.pl
675,Antoni,Gayforth,agayforthiq@devhub.com
676,Tine,Golledge,tgolledgeir@so-net.ne.jp
677,Britteny,Piers,bpiersis@mail.ru
678,Jobey,McArthur,jmcarthurit@usgs.gov
679,Farlay,Snar,fsnariu@mapquest.com
680,Cilka,Jorgensen,cjorgenseniv@ebay.co.uk
681,Miguela,Soames,msoamesiw@deviantart.com
682,Morton,Lumsdall,mlumsdallix@howstuffworks.com
683,Avictor,Scarfe,ascarfeiy@istockphoto.com
684,Cathe,Deplacido,cdeplacidoiz@blogs.com
685,Dorie,Gaggen,dgaggenj0@sfgate.com
686,Angelo,Slograve,aslogravej1@yellowpages.com
687,Rance,Tearle,rtearlej2@biblegateway.com
688,Brewster,Petrasch,bpetraschj3@amazon.co.uk
689,Evangelin,Feathersby,efeathersbyj4@hibu.com
690,Egan,Bayns,ebaynsj5@admin.ch
691,Emmaline,Whetnell,ewhetnellj6@digg.com
692,Darwin,Embury,demburyj7@nature.com
693,Rockie,MacElholm,rmacelholmj8@infoseek.co.jp
694,Nancy,Harroll,nharrollj9@about.me
695,Kareem,Mawdsley,kmawdsleyja@cafepress.com
696,Sharron,Ianne,siannejb@dyndns.org
697,Ara,Sizeland,asizelandjc@mayoclinic.com
698,Hetty,Aynold,haynoldjd@ftc.gov
699,Myrle,de Werk,mdewerkje@accuweather.com
700,Flo,Dark,fdarkjf@ask.com
701,Cyrille,Lissimore,clissimorejg@dropbox.com
702,Annabelle,Paradis,aparadisjh@howstuffworks.com
703,Dasya,Van De Cappelle,dvandecappelleji@nifty.com
704,Gabie,Tampling,gtamplingjj@youtube.com
705,Deni,Dehn,ddehnjk@163.com
706,Horatio,O'Driscole,hodriscolejl@constantcontact.com
707,Dare,Heckner,dhecknerjm@blogger.com
708,Bev,Bonsul,bbonsuljn@soundcloud.com
709,Ardeen,Haucke,ahauckejo@mit.edu
710,Hyman,Deboo,hdeboojp@wix.com
711,Gray,Mennithorp,gmennithorpjq@qq.com
712,Lev,Telford,ltelfordjr@wikimedia.org
713,Brig,Tregien,btregienjs@bandcamp.com
714,Erick,Ditchfield,editchfieldjt@microsoft.com
715,Ynes,Jakucewicz,yjakucewiczju@technorati.com
716,Nanny,Chantrell,nchantrelljv@ucla.edu
717,Gilbertine,Avey,gaveyjw@psu.edu
718,Lacie,Handscomb,lhandscombjx@europa.eu
719,Alf,Inglese,ainglesejy@fc2.com
720,Alysia,Andryushchenko,aandryushchenkojz@infoseek.co.jp
721,Myron,Pfaffel,mpfaffelk0@webs.com
722,Fayette,Eisold,feisoldk1@joomla.org
723,Saxe,Hatherill,shatherillk2@nymag.com
724,Fabio,Yardley,fyardleyk3@cyberchimps.com
725,Muffin,Lundbech,mlundbechk4@imdb.com
726,Vic,Tolomio,vtolomiok5@squidoo.com
727,Jayme,Tommei,jtommeik6@spiegel.de
728,Lin,Farnorth,lfarnorthk7@globo.com
729,Cherry,Bramwich,cbramwichk8@reddit.com
730,Erasmus,Graalman,egraalmank9@ow.ly
731,Cherin,Darrington,cdarringtonka@moonfruit.com
732,Alejoa,Blinco,ablincokb@usgs.gov
733,Sherlock,Rodder,srodderkc@usgs.gov
734,Igor,Artus,iartuskd@twitter.com
735,Fredrika,Crab,fcrabke@mapquest.com
736,Konrad,Dallin,kdallinkf@themeforest.net
737,Valentin,Lillistone,vlillistonekg@taobao.com
738,Packston,O'Kenny,pokennykh@wsj.com
739,Meggie,Joe,mjoeki@sitemeter.com
740,Shelli,Obispo,sobispokj@ox.ac.uk
741,Cecilio,Stair,cstairkk@aol.com
742,Antony,Bartolomieu,abartolomieukl@csmonitor.com
743,Jdavie,Gealy,jgealykm@t-online.de
744,Porter,Mosdall,pmosdallkn@slashdot.org
745,Marcus,Cathee,mcatheeko@rakuten.co.jp
746,Miriam,Pontain,mpontainkp@state.tx.us
747,Magdalene,Dragon,mdragonkq@liveinternet.ru
748,Linn,Selvester,lselvesterkr@timesonline.co.uk
749,Caldwell,Hatherleigh,chatherleighks@nps.gov
750,Dulsea,Heffernan,dheffernankt@telegraph.co.uk
751,Yoko,Orbine,yorbineku@4shared.com
752,Ana,Hutchin,ahutchinkv@phoca.cz
753,Veronique,Klais,vklaiskw@dailymail.co.uk
754,Danita,Kollaschek,dkollaschekkx@free.fr
755,Claretta,Medlin,cmedlinky@vkontakte.ru
756,Elias,Rainbird,erainbirdkz@princeton.edu
757,Dix,Lorenz,dlorenzl0@addtoany.com
758,Judie,Sprason,jsprasonl1@patch.com
759,Grannie,Eyam,geyaml2@miibeian.gov.cn
760,Ivar,Lomasna,ilomasnal3@craigslist.org
761,Osmund,Duck,oduckl4@forbes.com
762,Niki,Burborough,nburboroughl5@squarespace.com
763,Welbie,Cousins,wcousinsl6@1688.com
764,Eda,Sabbin,esabbinl7@google.cn
765,Noam,Speer,nspeerl8@behance.net
766,Leonanie,Moyles,lmoylesl9@gov.uk
767,Agathe,Wrigglesworth,awrigglesworthla@nature.com
768,Anallese,Fforde,affordelb@deliciousdays.com
769,Pierrette,Forgan,pforganlc@dailymotion.com
770,Malina,Poller,mpollerld@whitehouse.gov
771,Hilario,Bithell,hbithellle@alibaba.com
772,Dell,Esmead,desmeadlf@tamu.edu
773,Padraig,Fradgley,pfradgleylg@alexa.com
774,Marybelle,McElwee,mmcelweelh@goo.ne.jp
775,Cati,Boullin,cboullinli@archive.org
776,Anthea,Conyard,aconyardlj@upenn.edu
777,Lexine,Lage,llagelk@nps.gov
778,Saloma,Wyon,swyonll@clickbank.net
779,Donella,Ciccoloi,dciccoloilm@huffingtonpost.com
780,Harriett,Wiseman,hwisemanln@cbc.ca
781,Nike,Tremethack,ntremethacklo@icio.us
782,Yvon,Dunhill,ydunhilllp@shutterfly.com
783,Conny,Pace,cpacelq@wordpress.com
784,Carmelia,Crocroft,ccrocroftlr@digg.com
785,Perice,Caddy,pcaddyls@patch.com
786,Aryn,Pennick,apennicklt@cisco.com
787,Augie,Clara,aclaralu@free.fr
788,Olin,Ulyat,oulyatlv@privacy.gov.au
789,Sasha,Faulconbridge,sfaulconbridgelw@ameblo.jp
790,Philip,Hellikes,phellikeslx@hc360.com
791,Clark,Suttling,csuttlingly@yellowpages.com
792,Thalia,De Coursey,tdecourseylz@youtube.com
793,Mord,Hindhaugh,mhindhaughm0@shinystat.com
794,Suzann,Showen,sshowenm1@ucsd.edu
795,Alaster,Siely,asielym2@cloudflare.com
796,Stevie,Ianson,siansonm3@smugmug.com
797,Christoph,Wrigley,cwrigleym4@biblegateway.com
798,Ivy,Di Pietro,idipietrom5@list-manage.com
799,Marshall,Tourmell,mtourmellm6@apple.com
800,Granny,Englefield,genglefieldm7@godaddy.com
801,Langston,Sinden,lsindenm8@studiopress.com
802,Sabina,Stilliard,sstilliardm9@is.gd
803,Orion,Cleynman,ocleynmanma@blogspot.com
804,Nye,MacAscaidh,nmacascaidhmb@digg.com
805,Christophe,Billanie,cbillaniemc@nps.gov
806,Allison,Whitby,awhitbymd@archive.org
807,Anna,Rowat,arowatme@quantcast.com
808,Rebeka,Grigorini,rgrigorinimf@independent.co.uk
809,Darryl,Weathey,dweatheymg@histats.com
810,Saundra,Wykes,swykesmh@omniture.com
811,Goldi,Upcraft,gupcraftmi@redcross.org
812,Terra,Sparling,tsparlingmj@ow.ly
813,Francene,Cail,fcailmk@addthis.com
814,Anjanette,McGlew,amcglewml@infoseek.co.jp
815,Ferd,MacKnocker,fmacknockermm@canalblog.com
816,Harlan,Foyston,hfoystonmn@desdev.cn
817,Antony,Pickavance,apickavancemo@blog.com
818,Ardine,Clerk,aclerkmp@wikispaces.com
819,Anjela,Powell,apowellmq@vistaprint.com
820,Vassili,Duetschens,vduetschensmr@nydailynews.com
821,Ingeborg,Perocci,iperoccims@microsoft.com
822,Melloney,Janes,mjanesmt@linkedin.com
823,Marchelle,Baynom,mbaynommu@newyorker.com
824,Kaylil,Pashley,kpashleymv@dmoz.org
825,Worthy,Rickets,wricketsmw@who.int
826,Marigold,Phillpot,mphillpotmx@gnu.org
827,Kennedy,Longridge,klongridgemy@flickr.com
828,Guthry,Sarvar,gsarvarmz@bloglovin.com
829,Titus,Hustings,thustingsn0@businesswire.com
830,Levon,Tomet,ltometn1@flavors.me
831,Lissi,Helder,lheldern2@eventbrite.com
832,Niki,Harral,nharraln3@networkadvertising.org
833,Vanna,Bitchener,vbitchenern4@cnet.com
834,Maury,Elwin,melwinn5@tmall.com
835,Rona,Testin,rtestinn6@paginegialle.it
836,Maurene,Rameaux,mrameauxn7@dagondesign.com
837,Bartholemy,Quayle,bquaylen8@npr.org
838,Kendre,Diddams,kdiddamsn9@lulu.com
839,Bancroft,Danneil,bdanneilna@networksolutions.com
840,Babita,Francke,bfranckenb@is.gd
841,Lem,Rosenboim,lrosenboimnc@nps.gov
842,Dene,Bollard,dbollardnd@baidu.com
843,Hagen,Luter,hluterne@indiegogo.com
844,Beilul,Loggie,bloggienf@comsenz.com
845,Margot,Fairy,mfairyng@de.vu
846,Andi,Tremoille,atremoillenh@moonfruit.com
847,Bay,Middiff,bmiddiffni@hatena.ne.jp
848,Suki,Dybald,sdybaldnj@usnews.com
849,Francisca,Orto,fortonk@ihg.com
850,Yoshiko,Batch,ybatchnl@pbs.org
851,Derk,Copping,dcoppingnm@yale.edu
852,Reinhold,McGuiness,rmcguinessnn@behance.net
853,Addison,Hackleton,ahackletonno@foxnews.com
854,Kurt,Aitken,kaitkennp@hao123.com
855,Jerrie,Sawyers,jsawyersnq@wikia.com
856,Merrill,Cristofalo,mcristofalonr@parallels.com
857,Gaynor,Woodall,gwoodallns@addtoany.com
858,Winn,Vidloc,wvidlocnt@typepad.com
859,Rowney,McConnachie,rmcconnachienu@slideshare.net
860,Julianne,Parsonage,jparsonagenv@google.ca
861,Rozella,Wheldon,rwheldonnw@imgur.com
862,Claresta,Cattermull,ccattermullnx@gizmodo.com
863,Adara,Vernau,avernauny@google.fr
864,Ingamar,Bootell,ibootellnz@businessinsider.com
865,Saunder,Downs,sdownso0@mtv.com
866,Kelcey,Binch,kbincho1@fema.gov
867,Samantha,Murrigans,smurriganso2@edublogs.org
868,Nicola,Capoun,ncapouno3@ovh.net
869,Hyacinthe,Armistead,harmisteado4@dailymotion.com
870,Walker,Parke,wparkeo5@ucsd.edu
871,Audy,Quest,aquesto6@elpais.com
872,Eudora,Swadlin,eswadlino7@nytimes.com
873,Hyacinthia,Birks,hbirkso8@nih.gov
874,Melloney,Loachhead,mloachheado9@oracle.com
875,Wilton,Beeres,wbeeresoa@bravesites.com
876,Franklyn,Muckley,fmuckleyob@goodreads.com
877,Virgilio,Gooding,vgoodingoc@4shared.com
878,Danice,Abrehart,dabrehartod@multiply.com
879,Darin,Whitty,dwhittyoe@blogs.com
880,Andriette,Stubbes,astubbesof@macromedia.com
881,Shayna,Krelle,skrelleog@reddit.com
882,Jennette,Richel,jricheloh@barnesandnoble.com
883,Maisey,Burrass,mburrassoi@qq.com
884,Doris,Hickisson,dhickissonoj@storify.com
885,Archer,Deeks,adeeksok@bbc.co.uk
886,Kimberly,De Domenico,kdedomenicool@sourceforge.net
887,Florri,Buss,fbussom@tripadvisor.com
888,Marjie,McCowen,mmccowenon@wiley.com
889,Nellie,Cox,ncoxoo@behance.net
890,Sherman,Scholler,sschollerop@cargocollective.com
891,Sollie,Pasmore,spasmoreoq@hostgator.com
892,Elisabetta,Kordt,ekordtor@paypal.com
893,Hebert,Patton,hpattonos@ifeng.com
894,Fredric,Reihm,freihmot@pinterest.com
895,Darbee,Wanell,dwanellou@altervista.org
896,Gunther,Burghall,gburghallov@zdnet.com
897,Orlan,Dodding,ododdingow@people.com.cn
898,Jeannette,Asche,jascheox@bbb.org
899,Franny,Bachman,fbachmanoy@bizjournals.com
900,Lance,Bucklan,lbucklanoz@addthis.com
901,Hedvige,Bizzey,hbizzeyp0@shutterfly.com
902,Wheeler,Nayshe,wnayshep1@jimdo.com
903,Jesse,Finnimore,jfinnimorep2@dot.gov
904,Ben,Tocqueville,btocquevillep3@theglobeandmail.com
905,Ludovico,Trainer,ltrainerp4@furl.net
906,Aurelie,Hollows,ahollowsp5@desdev.cn
907,Dermot,Dallin,ddallinp6@tripadvisor.com
908,Agace,Knill,aknillp7@myspace.com
909,Carina,Cranmor,ccranmorp8@youku.com
910,Lucienne,Simison,lsimisonp9@addthis.com
911,Juli,Ikins,jikinspa@cafepress.com
912,Marjie,Seleway,mselewaypb@bbc.co.uk
913,Guglielmo,Brickham,gbrickhampc@com.com
914,Tabby,Bownes,tbownespd@bbc.co.uk
915,Donny,Whelband,dwhelbandpe@sun.com
916,Hurleigh,Chilvers,hchilverspf@time.com
917,Norrie,Bleazard,nbleazardpg@freewebs.com
918,Julietta,Lesslie,jlesslieph@google.com.hk
919,Zena,Heggison,zheggisonpi@spiegel.de
920,Murial,Danelut,mdanelutpj@google.pl
921,Hortense,Murrells,hmurrellspk@irs.gov
922,Liesa,Dobney,ldobneypl@about.com
923,Wileen,Maypother,wmaypotherpm@seesaa.net
924,Rayna,Prangley,rprangleypn@unblog.fr
925,Eziechiele,Valens-Smith,evalenssmithpo@skyrock.com
926,Merilyn,Buckley,mbuckleypp@whitehouse.gov
927,Gaelan,Scott,gscottpq@microsoft.com
928,Mayor,Killingworth,mkillingworthpr@trellian.com
929,Bond,Marielle,bmarielleps@issuu.com
930,Valina,McBride,vmcbridept@blogspot.com
931,Franchot,Vamplew,fvamplewpu@geocities.com
932,Marwin,Abrahamsohn,mabrahamsohnpv@xinhuanet.com
933,Ivar,Hirsthouse,ihirsthousepw@xing.com
934,Rex,Narramore,rnarramorepx@4shared.com
935,Delainey,McGibbon,dmcgibbonpy@behance.net
936,Audy,Skill,askillpz@php.net
937,Arden,Harrild,aharrildq0@over-blog.com
938,Rennie,McFadyen,rmcfadyenq1@people.com.cn
939,Yoshi,Ximenez,yximenezq2@studiopress.com
940,Emylee,Rookwell,erookwellq3@cafepress.com
941,Darin,Truett,dtruettq4@jalbum.net
942,Cathrin,Armall,carmallq5@whitehouse.gov
943,Leonora,Climar,lclimarq6@imdb.com
944,Joice,Burrass,jburrassq7@umich.edu
945,Nial,Dooney,ndooneyq8@virginia.edu
946,Stanleigh,Taffurelli,staffurelliq9@canalblog.com
947,Kissie,Simnell,ksimnellqa@census.gov
948,Karlyn,Gresley,kgresleyqb@flickr.com
949,Alford,Muggleton,amuggletonqc@va.gov
950,Kirbie,Jouhning,kjouhningqd@imageshack.us
951,Lion,Fairrie,lfairrieqe@list-manage.com
952,Floris,Silverwood,fsilverwoodqf@csmonitor.com
953,Devin,Legan,dleganqg@upenn.edu
954,Debbie,Aberdeen,daberdeenqh@pbs.org
955,Rhonda,Strelitzki,rstrelitzkiqi@apple.com
956,Siana,Corstan,scorstanqj@homestead.com
957,Marlon,Konertz,mkonertzqk@yellowpages.com
958,Rebekkah,Kobes,rkobesql@timesonline.co.uk
959,Evanne,Bellwood,ebellwoodqm@amazon.de
960,Betteann,Baltzar,bbaltzarqn@google.co.uk
961,Ogdon,De Biasi,odebiasiqo@marketwatch.com
962,Ortensia,Hutt,ohuttqp@slashdot.org
963,Lonnie,Rylands,lrylandsqq@nature.com
964,Arch,Aslum,aaslumqr@1und1.de
965,Coraline,Franzonetti,cfranzonettiqs@cafepress.com
966,Gonzalo,Fairey,gfaireyqt@spiegel.de
967,Neilla,Goodley,ngoodleyqu@infoseek.co.jp
968,Oliviero,Kemmons,okemmonsqv@unblog.fr
969,Averyl,Bowery,aboweryqw@elegantthemes.com
970,Janene,MacGaughey,jmacgaugheyqx@globo.com
971,Susanne,Eden,sedenqy@i2i.jp
972,Nolie,Casaro,ncasaroqz@tamu.edu
973,Olive,Walentynowicz,owalentynowiczr0@rambler.ru
974,Fenelia,Imlaw,fimlawr1@mysql.com
975,Kayley,Peschmann,kpeschmannr2@blog.com
976,Tiffani,Halfhead,thalfheadr3@multiply.com
977,Maryl,Lawless,mlawlessr4@zimbio.com
978,Michele,Johanssen,mjohanssenr5@example.com
979,Malena,Brignell,mbrignellr6@hubpages.com
980,Nydia,Gribbell,ngribbellr7@tripod.com
981,Corbett,Blenkin,cblenkinr8@wired.com
982,Gayler,Clarkin,gclarkinr9@walmart.com
983,Peta,Bridie,pbridiera@flickr.com
984,Borden,Pimm,bpimmrb@sfgate.com
985,Donetta,Weal,dwealrc@macromedia.com
986,Isac,Batecok,ibatecokrd@mapy.cz
987,Rycca,Wawer,rwawerre@zdnet.com
988,Noelle,Tumber,ntumberrf@soup.io
989,Iolande,McVane,imcvanerg@tinyurl.com
990,Les,Kopp,lkopprh@amazon.de
991,Dudley,Blay,dblayri@usatoday.com
992,Albie,Duffrie,aduffrierj@sbwire.com
993,Gabe,Firebrace,gfirebracerk@harvard.edu
994,Lexie,Kadd,lkaddrl@imgur.com
995,Irvine,Plows,iplowsrm@dedecms.com
996,Patricia,Jossum,pjossumrn@networksolutions.com
997,Honor,Geraldini,hgeraldiniro@e-recht24.de
998,Gunilla,Baldwin,gbaldwinrp@chicagotribune.com
999,Wylie,Griffen,wgriffenrq@nymag.com
1000,August,Babidge,ababidgerr@wikimedia.org
